epoch,cost
13,0.907591244184135
14,0.9074933798252236
15,0.9073961803235306
16,0.9072704847505896
17,0.9072094387362591
18,0.9071096135502837
19,0.9070225267236001
20,0.9069262085183574
